jobs_completed,jobs_accepted,jobs_cancelled,average_rating,experience_years,reliable_label
5,9,2,2.56,14.8,1
8,8,2,4.76,9.4,1
8,23,18,3.91,12.2,1
16,53,18,4.59,11.0,1
22,38,4,2.91,2.5,1
12,44,27,2.85,9.3,0
37,55,8,3.79,5.8,1
34,44,2,4.68,12.7,1
7,29,16,3.63,3.5,0
1,1,3,3.3,14.1,1
8,26,10,4.66,14.1,1
0,37,12,4.73,8.6,0
14,18,3,3.92,11.3,1
33,57,4,3.22,4.3,1
6,7,3,3.96,4.4,1
1,33,1,2.64,6.5,0
27,30,1,4.15,9.3,1
51,51,0,4.23,14.3,1
16,48,24,3.41,14.0,1
2,24,5,2.7,3.6,0
40,58,1,4.68,5.7,1
6,59,19,3.78,9.1,0
42,52,5,2.68,14.6,1
12,32,11,2.62,11.9,1
7,12,5,4.45,2.5,1
25,60,9,3.08,3.7,1
22,35,5,4.5,2.1,1
39,52,5,4.25,10.7,1
15,17,4,4.76,8.5,1
25,42,11,4.72,10.2,1
10,18,9,4.05,0.5,1
1,41,21,3.72,8.2,0
8,16,1,3.51,11.6,1
49,49,3,2.83,15.0,1
4,26,9,3.04,13.6,0
10,15,4,4.85,4.8,1
3,4,2,3.77,0.3,1
22,28,2,3.43,1.8,1
3,44,4,3.99,5.4,0
29,32,0,3.75,2.2,1
10,42,26,3.56,14.6,0
18,20,1,4.6,12.8,1
27,40,15,4.23,13.9,1
25,26,4,3.15,10.2,1
2,3,3,4.93,2.2,1
1,2,4,2.88,2.4,0
16,43,9,4.38,1.1,1
36,36,0,3.42,6.7,1
27,55,4,2.57,9.9,1
45,57,13,4.44,10.8,1
29,31,1,2.89,9.3,1
7,22,7,4.91,11.3,1
18,30,4,4.08,6.9,1
0,6,3,4.76,11.5,0
4,10,2,4.56,7.4,1
6,23,14,3.11,5.6,0
0,0,1,4.42,7.7,0
32,57,26,4.43,3.0,1
1,1,2,3.09,14.2,1
0,0,2,0.11,6.5,0
31,35,6,4.38,10.0,1
15,20,4,3.38,8.5,1
6,9,4,3.64,10.1,1
18,50,20,4.09,3.3,1
13,19,5,3.99,2.4,1
0,2,1,3.36,13.0,0
3,32,23,4.58,6.8,0
2,5,4,4.07,4.7,0
28,56,30,3.75,13.7,1
9,45,31,4.84,8.3,1
8,44,31,3.22,11.2,0
7,26,21,4.19,8.8,0
14,23,3,4.08,9.1,1
9,47,40,3.0,2.8,0
2,21,11,2.91,6.8,0
9,13,2,4.44,7.1,1
6,6,3,4.02,7.6,1
23,43,20,4.17,12.2,1
18,23,1,4.67,0.6,1
17,57,5,2.71,0.9,1
1,4,5,4.77,2.9,0
8,9,4,3.79,0.2,1
12,34,13,3.55,4.9,1
32,33,2,3.97,5.3,1
18,39,4,4.52,7.6,1
0,19,11,3.91,10.7,0
3,18,16,3.02,2.3,0
5,11,1,4.68,14.5,1
28,34,0,3.33,10.8,1
34,40,8,4.76,10.2,1
2,10,11,4.74,4.4,0
18,20,2,4.07,10.2,1
2,41,9,4.16,10.3,0
13,45,18,3.22,9.8,0
5,9,7,3.85,13.5,1
0,2,4,4.03,14.8,0
22,47,7,3.92,3.0,1
2,2,0,3.67,10.1,1
14,23,9,4.48,13.8,1
4,10,9,4.32,7.2,1
7,60,34,2.57,7.2,0
13,18,0,4.52,8.5,1
11,56,12,3.57,3.9,0
1,26,6,3.91,9.9,1
10,27,0,3.25,7.0,1
22,35,14,3.11,8.8,1
5,20,9,2.83,4.4,0
25,35,12,2.59,10.2,1
25,34,12,4.42,11.3,1
1,2,1,4.25,0.0,1
13,54,25,2.6,11.7,0
48,52,5,4.52,6.3,1
38,49,8,2.53,6.0,1
15,25,2,2.81,8.4,1
2,9,9,4.81,12.5,1
18,18,2,3.1,4.9,1
1,1,0,4.17,5.6,1
51,58,6,4.32,8.5,1
1,7,3,3.3,3.9,0
17,17,1,4.78,6.9,1
5,6,0,4.32,11.8,1
12,27,18,3.26,3.4,1
0,4,4,2.6,14.6,0
4,22,17,4.05,12.5,0
2,8,7,4.52,9.4,0
23,32,10,2.64,3.6,1
13,19,9,4.26,11.2,1
9,33,23,2.92,7.4,0
9,20,13,4.0,10.8,1
10,17,6,4.08,12.1,1
0,10,10,4.44,13.2,0
9,15,1,2.76,10.2,1
8,25,17,3.37,14.6,1
4,4,0,4.58,6.7,1
31,43,5,3.08,7.4,1
9,32,10,4.29,13.5,1
4,28,2,4.5,13.3,1
15,16,0,3.08,3.6,1
21,25,3,3.93,12.7,1
34,42,2,4.98,9.6,1
0,8,1,2.55,12.0,0
12,16,4,3.32,4.3,1
6,34,7,3.44,11.2,1
5,38,11,4.8,7.4,0
41,43,5,4.04,12.1,1
8,43,20,4.28,12.7,1
32,41,7,3.77,1.9,1
40,57,13,3.82,5.6,1
15,15,2,2.59,9.9,1
14,56,41,3.37,6.2,0
3,37,16,2.76,4.3,0
48,56,9,3.41,10.8,1
19,41,2,2.99,12.3,1
23,29,4,4.44,5.9,1
9,13,3,2.72,11.9,1
9,30,18,2.78,9.5,0
1,29,31,3.79,13.3,0
32,48,18,4.11,2.7,1
11,22,8,3.82,5.5,1
11,34,2,4.1,6.0,1
1,36,30,4.08,11.4,0
22,54,14,2.75,10.4,1
13,39,0,4.36,0.4,1
1,23,15,4.39,2.7,0
6,24,10,4.74,10.6,1
3,17,8,4.0,9.8,0
9,18,3,3.54,7.2,1
49,57,11,4.35,1.1,1
0,12,1,4.61,6.1,0
7,40,0,3.03,9.5,1
7,41,7,3.06,11.8,0
20,35,18,3.2,6.6,1
18,56,27,3.35,1.6,0
8,14,2,2.61,6.9,1
0,16,13,3.49,14.7,0
24,41,20,4.23,6.5,1
14,52,25,4.38,13.3,1
0,9,2,2.69,13.8,0
15,23,10,4.18,13.1,1
10,35,17,2.82,3.7,0
2,43,43,4.9,11.3,0
23,39,18,3.63,7.7,1
6,9,2,4.49,0.1,1
3,16,12,3.8,0.1,0
0,12,12,2.58,7.8,0
1,27,17,3.81,10.6,0
8,8,0,4.08,14.1,1
0,13,11,4.55,3.2,0
30,33,0,4.17,10.0,1
15,25,5,4.13,14.0,1
18,27,0,4.09,6.3,1
2,12,3,3.85,6.3,1
19,33,10,3.28,0.3,1
27,55,29,3.59,4.7,1
1,2,4,4.29,1.7,1
5,17,4,2.75,8.8,1
36,50,7,4.15,7.9,1
2,49,22,4.47,7.1,0
12,29,19,4.78,14.1,1
1,29,29,3.29,12.5,0
7,12,2,3.75,13.5,1
6,21,13,3.32,5.9,1
2,2,1,4.56,9.8,1
4,42,22,4.16,9.3,0
8,9,2,3.17,7.1,1
0,8,10,2.72,9.2,0
8,9,0,3.21,9.3,1
14,21,7,3.74,1.8,1
14,44,32,4.11,5.1,1
5,7,2,3.01,14.7,1
2,16,4,3.74,2.1,0
35,50,1,3.09,3.9,1
23,59,36,4.4,12.1,1
6,45,16,4.96,0.7,1
19,25,6,3.13,5.1,1
18,39,12,4.0,14.9,1
4,33,3,4.0,6.8,0
26,31,0,3.32,7.2,1
17,20,4,2.91,3.0,1
0,0,3,3.48,9.7,0
36,56,14,3.16,1.3,1
15,57,31,3.28,1.8,0
3,9,7,4.57,14.0,1
3,3,1,4.66,1.6,1
2,55,29,4.31,6.0,0
19,44,23,3.57,3.8,0
2,19,14,4.84,14.3,0
2,54,22,4.63,12.3,0
30,51,17,4.89,0.7,1
9,30,5,3.52,13.1,1
12,56,21,3.51,1.5,0
13,15,3,4.26,12.7,1
22,57,8,3.92,10.3,1
15,19,6,4.61,12.0,1
12,17,8,4.45,5.4,1
0,38,34,4.02,11.8,0
12,15,0,4.5,5.8,1
5,8,4,4.79,0.7,1
5,5,1,3.92,5.0,1
8,8,2,4.6,4.5,1
6,15,4,4.37,7.7,1
20,42,6,3.56,8.3,1
16,20,2,4.76,6.4,1
2,2,3,4.42,1.5,1
6,50,20,4.19,0.5,0
4,10,9,4.43,12.1,1
40,52,7,4.25,14.7,1
26,36,6,4.62,9.6,1
52,57,7,3.85,11.0,1
1,1,1,2.83,7.2,1
35,48,6,4.02,8.9,1
12,19,10,4.18,9.5,1
2,28,4,3.77,14.3,0
6,24,15,4.53,6.8,1
54,59,1,3.03,8.8,1
5,8,4,2.8,8.3,1
5,18,1,3.56,11.3,1
4,28,27,3.46,4.2,0
1,8,2,4.36,14.5,1
10,48,4,3.45,12.5,1
8,19,7,4.12,5.1,1
25,55,8,2.6,2.9,1
32,48,2,3.55,3.7,1
8,9,4,3.42,8.3,1
25,52,24,4.67,2.1,1
2,2,2,4.65,1.9,1
9,16,6,4.88,11.2,1
7,30,3,3.57,8.4,1
3,30,11,3.61,5.6,0
11,23,14,3.34,9.1,1
37,37,1,4.13,5.9,1
27,32,8,2.91,3.2,1
8,29,0,4.7,4.3,1
7,56,22,4.05,1.4,0
20,24,2,3.06,10.8,1
30,31,4,3.87,7.5,1
17,55,22,3.61,14.1,1
18,30,14,3.26,9.1,1
10,32,0,4.89,6.2,1
13,57,1,3.22,3.3,1
14,21,10,3.0,10.9,1
0,8,10,4.48,1.5,0
15,19,0,2.78,4.5,1
15,22,5,3.56,8.8,1
0,3,4,3.71,9.5,0
11,33,15,4.32,4.7,1
1,2,0,4.3,3.0,1
17,37,11,3.64,9.0,1
5,13,1,4.2,6.7,1
19,40,16,4.06,5.7,1
30,54,15,3.56,9.4,1
34,35,0,4.24,8.8,1
28,50,1,3.68,10.6,1
59,60,4,3.17,7.6,1
23,24,1,4.33,13.1,1
6,15,12,4.01,6.6,1
45,59,4,4.65,3.7,1
1,18,1,3.7,12.1,1
2,8,3,4.76,0.3,0
6,13,9,3.0,2.6,0
10,26,19,3.01,7.4,1
8,51,13,4.65,1.9,0
4,8,1,3.49,6.9,1
15,39,21,3.77,8.5,1
3,4,1,4.75,11.2,1
5,9,0,3.45,4.1,1
36,43,8,3.48,1.3,1
40,45,6,4.35,14.1,1
2,12,12,4.28,8.4,0
11,33,10,4.88,14.6,1
4,18,2,4.39,12.3,1
57,58,4,3.0,2.6,1
27,41,3,2.72,8.8,1
2,8,2,4.76,5.8,1
9,35,10,3.83,0.7,0
4,33,20,3.07,6.1,0
30,38,1,2.87,12.8,1
18,27,1,4.87,3.1,1
4,33,28,3.29,8.3,0
4,29,14,3.85,10.9,0
3,3,3,3.07,2.8,1
5,10,3,2.81,1.9,1
5,12,0,4.53,3.6,1
8,29,24,4.42,1.4,0
2,20,14,2.94,6.8,0
3,8,0,3.21,14.1,1
50,56,8,4.13,9.6,1
9,19,10,4.52,8.0,1
27,37,7,4.48,12.1,1
16,22,8,2.93,6.4,1
14,19,3,4.95,3.4,1
9,13,5,4.85,11.5,1
48,49,3,4.67,0.4,1
21,52,4,4.44,11.7,1
4,7,0,2.67,13.1,1
21,34,11,3.84,10.7,1
28,44,4,4.18,5.7,1
4,6,0,3.37,10.4,1
5,32,4,3.59,9.6,0
4,8,2,4.84,2.7,1
52,53,3,3.71,10.4,1
28,47,3,2.98,2.7,1
3,30,0,3.71,1.9,1
46,50,1,4.85,4.0,1
9,48,3,4.42,14.4,1
20,37,1,4.82,4.2,1
15,26,2,2.5,13.6,1
8,34,12,4.05,12.4,1
0,4,6,4.92,13.4,0
25,34,7,2.72,8.6,1
9,16,10,3.19,4.1,1
9,37,15,4.41,0.4,0
51,57,4,4.0,10.8,1
5,25,20,2.98,12.5,0
19,30,14,2.81,7.3,1
6,57,51,4.87,10.1,0
14,14,0,2.71,2.5,1
6,18,11,2.71,14.4,0
3,10,9,3.17,6.0,0
21,22,3,2.6,2.2,1
43,52,0,2.68,7.3,1
28,59,4,4.52,7.8,1
4,14,12,3.82,2.1,0
26,45,11,3.55,9.2,1
19,51,10,3.21,3.0,1
11,36,3,2.88,10.2,1
1,50,38,4.89,13.2,0
13,13,1,4.11,7.2,1
9,12,3,4.85,3.2,1
44,60,5,4.75,9.2,1
36,36,3,4.88,11.9,1
14,17,3,3.37,9.8,1
3,30,0,3.87,0.7,0
10,21,14,3.37,4.0,1
21,60,19,2.98,10.6,1
9,34,11,4.24,9.1,1
1,1,2,4.6,0.0,1
0,1,2,4.15,3.3,0
38,56,3,4.48,0.5,1
9,23,3,3.77,5.4,1
0,15,1,4.9,11.7,0
5,17,2,3.65,7.0,1
31,40,10,3.58,12.5,1
32,58,16,4.21,7.7,1
1,1,2,4.22,14.4,1
23,38,16,2.88,7.4,1
1,59,17,3.34,3.0,0
36,58,20,3.73,3.0,1
38,41,6,2.62,10.6,1
1,8,3,2.58,2.4,0
28,55,25,2.53,0.9,1
3,8,2,4.89,4.1,1
8,22,15,3.87,6.8,0
5,20,2,3.13,6.5,1
9,21,0,4.25,2.2,1
23,35,1,2.81,5.1,1
2,36,6,3.3,6.7,1
2,6,3,2.96,6.6,0
5,7,0,3.27,7.4,1
10,20,13,3.66,11.3,1
25,38,4,2.63,13.9,1
1,5,5,3.64,1.0,0
7,31,13,3.76,11.6,1
2,7,0,3.54,10.1,1
7,16,2,4.19,9.3,1
12,33,0,3.64,5.3,1
15,20,4,3.39,6.6,1
19,24,5,3.42,2.0,1
5,41,0,2.95,1.2,0
9,52,38,4.34,7.0,0
1,41,14,4.88,14.3,0
0,14,8,4.71,2.2,0
31,37,0,3.83,8.7,1
6,7,0,4.6,1.7,1
5,17,8,3.87,1.3,1
3,7,5,4.6,10.6,1
38,43,1,3.94,8.4,1
27,51,12,2.64,1.2,1
33,35,3,3.48,3.4,1
16,45,1,4.34,9.7,1
5,9,4,2.71,1.3,1
1,37,29,2.7,10.7,0
13,20,6,4.36,9.1,1
0,0,1,0.37,13.0,0
17,53,21,2.72,1.9,1
37,46,8,2.97,3.5,1
7,30,9,2.85,9.0,0
24,49,12,3.13,3.3,1
9,45,11,3.32,0.7,0
18,27,0,3.46,12.1,1
3,8,6,3.1,13.7,0
0,6,8,2.56,0.2,0
6,59,26,4.78,4.4,0
9,14,5,4.88,14.7,1
36,52,13,4.83,8.5,1
6,24,14,3.87,0.2,0
30,41,7,4.83,11.8,1
37,46,2,3.94,13.5,1
21,37,5,4.35,8.2,1
20,29,12,2.82,0.8,1
25,30,1,3.57,0.3,1
5,34,1,4.08,3.9,1
16,23,0,2.82,12.8,1
25,58,23,3.94,1.2,1
28,30,4,3.17,3.5,1
22,39,5,3.4,6.0,1
52,59,0,3.01,1.7,1
38,51,15,4.33,3.7,1
2,28,8,4.4,8.4,0
24,25,4,4.11,8.3,1
30,38,9,4.78,13.7,1
3,9,8,4.84,4.8,0
25,35,3,4.29,6.1,1
19,58,6,4.3,14.3,1
20,32,14,3.94,10.7,1
12,13,1,3.12,13.5,1
19,21,2,3.77,14.9,1
14,38,22,3.84,10.1,1
31,39,8,3.08,11.4,1
2,38,19,2.83,9.3,0
11,33,14,3.45,1.4,0
19,48,25,3.24,3.8,1
14,15,0,3.21,11.5,1
2,7,8,4.64,11.1,0
14,27,3,2.78,2.3,1
25,59,15,4.85,10.4,1
0,0,2,1.05,5.4,0
7,14,8,4.72,4.1,1
1,45,22,4.83,5.2,0
19,20,1,3.1,9.3,1
8,59,25,4.39,10.3,0
1,19,20,3.32,7.3,0
39,57,14,3.59,6.3,1
13,19,0,2.84,14.4,1
22,53,26,2.83,3.4,1
8,10,5,3.38,13.4,1
4,13,2,3.62,5.4,1
16,33,15,4.41,14.7,1
27,39,7,2.73,12.5,1
23,59,37,4.38,6.3,1
10,16,2,4.32,8.2,1
21,26,3,2.75,14.9,1
12,17,1,3.83,5.5,1
10,11,4,2.51,7.3,1
47,60,1,3.53,9.4,1
2,20,5,3.18,1.1,0
27,60,13,2.73,1.6,1
41,54,5,3.24,6.5,1
19,44,5,4.32,10.7,1
33,33,0,3.69,8.9,1
21,35,11,3.34,5.6,1
37,58,8,2.88,5.9,1
7,54,25,3.84,8.9,0
37,50,3,2.94,9.2,1
9,18,12,2.74,2.4,1
2,10,10,3.19,2.0,0
27,31,7,2.66,13.3,1
7,18,1,2.57,4.8,1
5,47,17,3.66,10.9,0
35,38,3,4.78,5.3,1
47,56,6,2.58,7.8,1
10,25,2,2.94,11.5,1
5,52,29,3.73,13.0,0
19,57,4,4.86,9.6,1
3,11,11,3.32,9.8,0
16,34,6,2.68,8.5,1
14,20,4,4.75,1.1,1
0,2,1,3.46,9.0,0
17,22,2,4.24,10.0,1
27,59,0,2.67,9.2,1
8,23,4,2.6,0.3,0
14,17,2,3.93,4.9,1
0,18,6,2.68,5.2,0
9,44,35,3.05,13.8,0
32,42,0,2.72,8.9,1
0,4,4,4.13,2.0,0
29,49,1,3.17,6.6,1
21,27,3,3.67,6.4,1
30,31,0,3.74,9.2,1
42,59,4,2.57,0.2,1
0,4,4,4.61,4.3,0
4,4,0,4.25,13.1,1
8,39,13,4.58,13.7,1
4,55,46,4.46,9.0,0
0,5,7,2.55,3.6,0
42,48,2,4.17,1.1,1
3,57,50,3.36,10.5,0
0,26,9,4.97,1.6,0
5,30,26,3.28,8.9,0
36,52,9,2.83,12.1,1
10,11,3,4.84,0.1,1
0,0,2,0.69,3.9,0
31,32,4,4.19,14.7,1
22,24,1,3.98,3.8,1
16,48,29,3.42,5.7,0
0,3,3,3.43,4.8,0
34,55,4,4.34,7.7,1
34,49,16,4.94,0.6,1
5,15,10,4.27,1.0,0
9,30,4,4.02,7.5,1
15,41,14,3.4,0.3,0
3,5,1,2.59,9.4,1
10,37,12,4.33,0.5,1
17,58,30,2.95,10.5,1
16,16,2,3.19,5.4,1
1,13,8,2.83,11.8,0
5,60,0,3.62,6.2,1
40,54,0,3.37,13.2,1
8,35,20,3.45,5.2,0
15,21,1,3.56,10.7,1
4,26,0,3.85,2.5,1
9,14,2,3.47,2.4,1
17,23,8,2.69,9.2,1
2,30,29,3.03,1.4,0
12,13,1,3.21,12.9,1
8,27,1,3.34,3.9,1
10,40,4,4.4,5.2,1
13,34,19,2.73,8.0,1
7,25,0,4.01,4.6,1
7,22,11,3.04,8.5,1
32,36,3,2.5,2.9,1
14,18,0,4.16,9.3,1
5,20,15,3.29,1.6,0
2,4,0,4.44,9.7,1
13,34,21,4.28,2.9,0
12,16,1,4.77,11.0,1
0,8,5,4.86,6.5,0
0,0,0,4.66,8.2,1
31,51,3,3.96,1.1,1
8,26,21,4.04,5.2,1
6,21,2,2.59,13.1,1
57,60,6,2.8,4.8,1
6,54,2,4.24,2.5,1
6,8,4,3.83,14.6,1
8,23,15,3.25,14.6,1
24,34,13,3.27,6.2,1
45,54,7,3.08,8.1,1
14,17,6,3.17,0.7,1
13,55,13,4.33,3.1,0
6,25,15,4.4,9.4,1
11,18,10,4.55,5.8,1
15,23,3,4.35,11.4,1
20,49,25,3.87,13.2,0
0,14,10,4.28,12.6,0
0,3,4,3.96,7.9,0
27,38,9,4.29,11.4,1
23,24,2,2.53,9.8,1
24,39,17,3.51,12.7,1
15,19,3,3.53,6.7,1
40,60,0,4.74,11.0,1
2,11,10,3.83,14.7,0
7,29,15,4.61,0.2,0
35,40,2,3.16,2.8,1
6,10,1,3.92,9.1,1
24,40,2,2.65,7.0,1
11,42,11,3.16,7.0,1
8,48,14,2.57,3.9,0
12,15,6,3.27,11.1,1
19,21,5,3.56,10.3,1
0,2,1,3.93,7.0,0
17,22,5,4.29,11.7,1
9,35,25,3.63,1.3,0
46,51,4,4.02,10.0,1
5,17,8,4.07,14.1,1
20,53,32,3.52,7.7,0
5,12,0,4.9,4.1,1
2,7,0,2.65,2.5,0
16,35,3,3.91,1.2,1
14,42,27,2.59,9.5,1
29,48,16,3.45,4.9,1
6,59,13,2.67,3.2,0
23,36,3,2.86,3.1,1
1,1,3,3.87,11.6,1
11,18,6,3.63,5.1,1
30,31,1,2.68,2.3,1
11,31,7,4.33,13.4,1
57,60,1,3.47,6.0,1
17,58,25,3.67,1.8,0
1,40,16,2.97,8.3,0
0,9,10,4.3,6.0,0
6,21,16,4.99,7.9,0
36,51,17,3.94,7.7,1
24,35,7,2.9,1.7,1
7,8,1,4.97,9.0,1
13,50,22,3.74,5.7,0
36,41,5,3.14,2.4,1
16,57,38,3.29,2.8,0
34,42,10,2.55,3.0,1
24,54,6,4.26,3.4,1
45,46,4,4.47,7.3,1
2,14,15,4.59,10.1,0
5,18,16,4.24,1.8,0
3,9,5,4.05,5.1,1
25,33,5,4.92,4.7,1
18,41,4,3.86,9.4,1
12,18,6,4.98,13.0,1
16,55,28,2.53,14.9,1
8,19,0,4.16,1.8,1
5,11,9,3.75,1.4,0
3,50,24,3.38,11.5,0
21,33,5,3.84,8.7,1
11,11,1,4.8,3.9,1
0,5,3,3.13,13.6,0
7,7,1,4.6,3.1,1
11,23,7,4.6,3.3,1
0,4,0,2.61,7.4,0
10,56,28,3.25,6.4,0
0,8,3,2.84,9.0,0
26,32,3,4.75,12.3,1
30,51,20,2.67,3.5,1
2,6,1,2.7,13.8,1
17,23,0,2.76,15.0,1
19,23,6,4.48,5.1,1
30,43,12,2.56,2.6,1
48,49,4,3.72,9.6,1
1,9,6,4.83,5.6,0
36,40,2,4.64,11.9,1
0,0,3,1.52,5.4,0
3,16,1,4.29,0.6,1
26,32,1,4.8,6.4,1
10,56,5,4.24,2.2,1
23,27,5,4.86,1.4,1
5,6,1,2.78,6.2,1
5,44,2,4.38,5.5,0
1,24,26,2.77,1.2,0
16,22,2,2.59,11.8,1
5,46,0,2.75,10.5,0
34,41,0,4.23,13.5,1
3,47,38,4.18,8.1,0
6,12,1,4.52,1.9,1
22,22,0,2.83,14.4,1
1,1,0,2.71,13.5,1
33,33,2,4.89,0.3,1
2,29,15,4.48,12.2,0
15,41,13,3.56,11.5,1
5,55,15,2.79,11.4,0
20,20,0,2.78,13.6,1
23,25,3,2.92,0.7,1
0,28,28,4.24,1.2,0
0,3,5,4.23,0.6,0
15,36,6,2.96,3.4,1
39,39,2,4.06,4.1,1
16,19,3,4.14,9.0,1
12,41,23,2.61,7.0,0
9,38,21,3.02,10.4,1
30,43,11,3.38,0.3,1
9,30,18,3.43,8.6,0
44,57,6,3.15,6.7,1
22,38,5,3.37,5.6,1
8,43,11,4.66,5.1,1
0,0,1,4.21,2.5,0
3,60,51,4.75,4.8,0
46,52,9,4.61,5.6,1
21,43,12,2.54,4.2,1
4,4,1,4.39,0.3,1
0,3,1,3.42,2.3,0
36,52,12,3.79,0.9,1
0,48,42,4.08,2.5,0
8,8,1,3.54,12.2,1
30,48,2,4.67,7.0,1
15,50,20,3.04,0.1,0
4,4,3,3.94,7.2,1
1,3,4,4.33,4.6,0
7,58,50,2.91,5.5,0
13,14,2,4.3,6.2,1
10,43,4,3.39,5.6,1
10,23,16,4.44,13.3,1
5,34,32,4.05,8.4,0
16,55,29,3.7,1.3,0
22,22,2,3.18,11.9,1
8,17,5,4.1,13.1,1
35,46,7,3.75,7.0,1
45,47,4,4.87,7.1,1
16,41,4,4.51,5.1,1
30,50,14,3.19,3.5,1
7,8,4,4.61,0.4,1
0,2,1,4.48,13.6,0
15,20,1,3.67,1.0,1
12,14,2,3.12,14.2,1
10,24,8,4.89,0.1,1
29,30,2,4.93,12.9,1
25,26,0,2.58,0.5,1
23,50,30,4.32,3.3,1
19,22,3,2.65,3.3,1
3,12,7,4.53,14.1,0
2,7,7,3.77,7.4,0
25,26,1,3.63,3.4,1
3,20,20,3.63,10.4,0
20,21,2,4.0,14.6,1
1,3,4,4.1,4.8,0
30,53,2,2.83,1.3,1
16,16,1,3.84,8.8,1
7,52,4,4.24,13.7,1
0,6,2,2.68,12.5,0
5,11,9,4.75,14.8,1
4,19,3,2.96,0.3,0
42,58,5,2.79,11.2,1
21,53,24,4.86,14.6,1
1,17,5,4.54,9.7,0
17,45,5,4.4,12.4,1
1,15,11,3.23,10.2,0
8,49,11,2.59,3.8,0
1,21,4,4.63,13.5,0
44,60,3,4.68,0.8,1
45,55,5,4.71,7.4,1
7,43,9,3.72,3.9,0
18,27,2,4.38,12.1,1
36,45,10,3.85,7.2,1
17,59,44,4.29,4.0,0
0,3,2,2.55,6.9,0
4,59,54,4.53,14.3,0
37,40,6,2.83,9.1,1
10,11,3,4.92,14.4,1
12,21,8,2.91,5.8,1
8,25,2,2.65,9.3,1
5,36,19,4.97,3.2,0
35,52,1,4.79,4.7,1
10,10,2,5.0,8.2,1
42,52,0,4.0,9.5,1
24,56,3,3.89,8.2,1
1,9,4,3.24,11.2,0
17,23,9,3.35,12.8,1
0,0,0,1.97,11.3,0
4,7,3,4.37,10.1,1
23,29,8,3.4,13.7,1
20,25,0,3.84,7.2,1
6,8,3,2.88,6.6,1
6,43,2,2.84,8.1,1
1,12,9,4.3,3.6,0
45,49,4,4.94,4.3,1
5,9,2,2.85,3.8,1
15,37,5,4.61,1.7,1
11,32,13,3.4,3.1,0
17,54,30,4.45,2.6,1
4,11,10,4.2,3.4,0
24,50,26,4.4,2.5,1
0,5,5,2.76,4.1,0
27,30,6,2.62,7.5,1
44,50,6,3.07,13.2,1
9,35,21,4.65,3.1,0
5,17,6,3.19,1.4,1
10,22,12,4.79,9.0,1
0,2,2,4.68,14.6,0
21,33,10,4.8,5.7,1
17,43,15,2.98,1.1,1
5,6,1,4.19,6.2,1
39,39,0,2.87,1.0,1
3,37,22,4.72,14.2,0
0,47,28,4.45,6.8,0
32,32,2,2.72,1.1,1
3,49,13,2.84,9.1,0
30,34,3,2.9,10.2,1
22,26,5,4.51,12.1,1
8,8,0,3.56,6.1,1
26,35,9,3.73,11.4,1
18,31,10,4.75,5.6,1
4,16,0,4.32,13.5,1
4,32,24,3.25,5.2,0
8,19,2,3.05,10.3,1
10,16,1,3.89,4.6,1
1,6,0,4.72,2.8,1
41,55,15,3.21,5.9,1
0,14,2,2.63,12.0,0
14,25,12,4.47,7.4,1
14,29,7,4.58,0.3,1
3,15,3,4.43,13.2,1
54,56,0,2.73,7.8,1
5,9,2,3.91,1.1,1
1,2,1,2.64,4.5,1
21,23,5,4.1,13.0,1
28,43,16,3.45,4.9,1
9,51,27,3.93,9.3,0
8,10,1,3.76,4.9,1
13,23,5,2.71,1.8,1
45,46,4,3.39,7.0,1
0,60,13,2.74,5.1,0
27,27,3,3.75,5.1,1
2,57,28,3.14,7.8,0
58,60,1,4.36,0.5,1
8,23,1,3.82,14.8,1
5,17,12,3.83,14.7,0
0,16,5,3.44,6.3,0
6,11,8,3.64,9.9,1
16,35,12,3.4,13.9,1
36,52,15,2.88,12.1,1
14,19,6,3.18,5.1,1
10,14,2,3.88,1.1,1
25,26,1,2.72,8.5,1
19,47,17,3.01,4.7,1
27,35,0,2.77,13.9,1
11,19,3,4.23,10.5,1
6,11,3,4.72,5.3,1
17,57,7,4.93,4.6,1
17,51,30,3.2,5.0,1
31,38,3,4.79,14.0,1
3,11,8,3.36,13.1,1
14,19,0,3.76,7.2,1
18,19,0,2.55,3.4,1
22,38,14,2.66,8.8,1
2,28,3,3.01,13.0,0
51,57,3,2.94,13.8,1
28,33,7,3.5,12.6,1
20,27,0,3.12,4.2,1
0,5,4,3.95,3.6,0
26,33,5,3.62,0.3,1
5,17,11,4.93,8.6,1
9,15,4,2.57,13.7,1
9,12,0,4.46,5.1,1
5,7,3,3.47,11.4,1
1,1,2,4.03,4.5,1
4,34,13,2.88,5.1,0
2,15,10,3.1,11.0,0
14,53,16,3.13,4.3,0
18,52,6,3.47,13.5,1
48,57,0,4.72,1.0,1
5,13,2,4.42,8.3,1
26,38,5,2.59,4.3,1
2,3,4,4.45,1.5,1
6,18,11,4.14,10.5,1
10,57,47,3.03,6.5,0
20,38,5,3.72,4.6,1
29,42,9,3.14,2.0,1
47,57,2,2.73,9.3,1
35,58,1,3.5,6.2,1
9,15,5,4.78,13.7,1
0,0,3,3.88,10.6,0
20,34,3,2.59,4.7,1
20,48,4,2.94,2.6,1
6,21,13,2.66,9.4,0
33,35,5,3.0,6.7,1
20,51,13,2.72,12.5,1
1,6,8,2.55,3.1,0
19,54,0,3.98,5.8,1
4,10,8,4.51,11.6,1
24,38,17,4.44,1.9,1
47,52,8,3.75,9.5,1
15,20,7,3.49,10.5,1
1,5,3,4.21,6.8,0
23,29,2,2.61,9.5,1
36,38,4,4.48,7.2,1
35,39,1,3.35,7.4,1
0,4,3,2.93,2.7,0
37,45,8,4.97,13.7,1
3,31,9,2.76,15.0,0
17,46,13,3.47,2.7,1
4,28,7,4.85,3.5,0
29,50,20,4.85,8.5,1
41,41,3,4.9,4.7,1
11,11,3,3.36,2.2,1
1,5,6,4.68,8.8,0
15,26,11,4.72,14.7,1
12,50,0,4.06,5.2,1
2,4,0,4.15,3.2,1
4,9,1,3.21,7.7,1
38,47,6,3.07,10.0,1
1,12,1,3.95,6.5,1
13,22,6,4.45,13.8,1
24,54,17,4.4,14.2,1
54,57,5,2.97,6.9,1
6,44,9,4.13,3.4,0
5,19,8,3.79,11.5,1
2,54,18,3.47,6.0,0
35,60,25,3.11,11.7,1
32,37,1,4.42,3.9,1
18,45,5,3.7,12.4,1
1,1,0,3.67,8.6,1
3,44,5,4.79,3.2,0
29,49,19,4.62,13.6,1
8,18,1,4.0,13.5,1
9,40,12,4.57,14.0,1
43,46,2,2.94,6.2,1
11,49,29,4.25,2.4,0
16,40,23,2.74,9.0,0
9,39,8,2.99,10.4,1
18,21,4,2.98,8.4,1
19,38,0,4.19,5.7,1
28,50,21,3.02,1.1,1
25,41,9,3.93,13.8,1
17,55,29,3.04,6.6,0
26,43,18,4.44,1.9,1
18,23,5,4.48,10.5,1
37,40,5,4.48,8.4,1
32,46,15,3.19,8.6,1
1,1,2,2.51,3.3,1
14,49,15,4.54,2.9,1
5,11,8,3.88,2.3,1
0,3,4,2.79,5.3,0
4,30,22,4.62,5.2,0
0,4,5,3.11,6.5,0
7,25,9,3.92,7.5,1
2,3,2,4.48,7.6,1
3,10,5,2.88,6.2,0
19,33,9,3.45,11.0,1
17,39,1,2.9,9.8,1
0,12,14,4.63,0.7,0
4,9,5,4.66,12.4,1
50,53,4,3.87,0.4,1
5,17,11,4.68,10.4,0
15,32,16,3.17,14.3,1
15,57,22,2.78,6.2,1
21,29,7,4.77,13.0,1
44,45,4,4.27,11.1,1
20,24,3,4.93,9.0,1
7,11,6,3.23,2.1,1
1,1,0,3.65,6.9,1
3,22,22,4.19,9.1,0
26,55,16,4.37,11.6,1
51,55,1,2.55,1.3,1
38,39,4,4.19,12.9,1
2,39,21,4.2,8.6,0
14,56,26,3.84,11.4,0
1,2,3,4.04,9.3,1
8,26,6,3.99,10.7,1
5,29,13,4.01,1.5,0
6,58,39,3.21,9.8,0
29,34,3,4.78,4.1,1
11,54,12,4.65,2.6,1
0,0,2,0.59,5.3,0
12,44,12,4.96,6.7,1
11,42,14,3.2,14.2,1
21,32,1,3.44,14.8,1
8,23,12,4.25,10.7,1
15,34,17,4.39,3.3,1
13,23,6,4.56,10.8,1
7,16,0,4.74,12.0,1
28,41,16,3.06,9.9,1
3,58,34,3.03,9.7,0
23,35,15,4.67,8.4,1
37,38,2,2.83,7.2,1
19,38,6,4.51,3.7,1
1,1,3,4.57,10.9,1
34,55,16,4.2,6.8,1
0,4,0,4.26,10.1,1
40,53,16,4.94,1.8,1
35,41,4,3.63,10.3,1
29,41,0,3.49,15.0,1
39,45,6,3.24,7.8,1
12,15,6,3.6,9.0,1
40,56,8,2.92,9.7,1
0,0,3,1.77,2.1,0
22,23,2,4.87,12.6,1
57,60,2,2.56,8.5,1
10,15,3,4.32,6.1,1
1,60,57,4.37,11.4,0
27,42,14,3.77,4.5,1
8,21,9,4.42,9.9,1
0,40,41,2.53,14.3,0
8,53,15,3.77,1.7,0
11,30,8,3.12,4.8,1
1,27,14,4.66,7.0,0
1,9,11,2.55,1.9,0
5,9,1,3.04,2.5,1
0,7,1,4.0,1.8,0
23,60,37,4.57,6.6,1
5,10,8,3.35,3.4,0
8,11,5,4.33,13.2,1
0,8,3,4.52,1.4,0
8,34,0,4.53,14.7,1
32,56,26,3.18,14.4,1
6,6,0,3.88,5.9,1
5,15,1,2.82,10.1,1
7,25,9,3.34,10.9,1
0,2,0,3.24,1.9,0
27,40,10,4.84,11.8,1
1,14,4,2.79,8.7,0
4,5,4,2.55,1.6,1
37,58,22,4.87,4.1,1
52,53,0,3.98,1.4,1
7,13,2,2.7,13.8,1
25,31,6,3.71,11.5,1
36,60,8,3.05,11.0,1
24,45,10,4.02,1.3,1
9,22,12,4.69,5.4,1
2,2,1,4.6,7.4,1
38,49,12,4.94,4.5,1
0,15,2,3.42,0.7,0
13,18,6,2.64,5.5,1
1,32,31,3.43,5.0,0
0,1,2,4.0,7.0,0
4,15,2,2.74,11.3,1
22,29,4,4.11,5.7,1
36,53,14,3.58,7.8,1
9,10,0,4.89,14.8,1
3,14,5,4.63,2.4,0
0,6,3,2.55,8.6,0
16,19,1,4.79,4.5,1
3,3,1,2.87,10.0,1
4,12,9,4.44,5.7,0
5,48,21,3.02,4.7,0
39,43,2,3.55,13.9,1
26,37,10,3.95,4.7,1
24,53,13,3.45,12.4,1
37,59,24,4.42,8.9,1
12,17,2,2.89,6.0,1
0,2,5,4.73,14.0,0
4,7,0,4.36,12.1,1
5,10,6,4.78,9.0,1
14,32,1,2.71,0.0,1
20,47,8,3.02,6.6,1
0,0,1,4.6,11.2,0
6,8,1,2.99,14.8,1
12,12,2,4.08,5.6,1
21,26,4,4.65,9.0,1
11,17,5,4.64,10.0,1
6,28,4,2.63,11.9,1
17,43,22,3.18,1.8,1
15,32,2,4.87,0.7,1
9,18,11,4.64,2.3,1
50,58,8,2.61,3.9,1
14,17,4,3.94,11.2,1
6,25,3,3.16,11.4,1
50,56,0,3.51,1.2,1
14,47,6,4.22,1.5,1
8,22,6,2.61,3.7,1
9,11,5,2.63,1.6,1
27,60,6,4.59,13.2,1
24,30,9,4.98,4.4,1
14,52,21,4.36,1.9,0
45,54,11,3.56,4.7,1
31,35,4,4.34,12.3,1
0,8,4,3.51,14.7,0
17,52,10,2.51,10.7,1
5,7,5,3.93,1.0,1
40,57,9,3.25,11.9,1
6,10,1,4.69,11.8,1
24,55,26,4.95,9.1,1
0,0,1,1.76,2.1,0
4,5,2,3.11,7.4,1
2,22,12,3.59,13.5,0
22,48,22,4.74,12.6,1
4,8,4,4.24,13.3,1
7,16,10,3.91,6.3,1
8,27,20,4.16,7.0,1
23,30,2,4.07,10.5,1
0,16,2,3.75,3.3,0
19,33,4,4.69,13.6,1
6,25,15,3.47,0.7,0
23,26,5,3.48,2.6,1
9,15,0,3.61,5.5,1
19,31,2,3.23,12.4,1
3,7,5,3.06,8.3,1
42,51,3,4.37,13.7,1
23,29,2,3.74,6.6,1
0,0,1,4.4,12.9,0
25,58,27,2.97,1.7,1
21,29,1,3.15,5.6,1
3,22,13,4.77,12.0,1
19,33,6,4.84,2.5,1
25,32,10,4.27,10.6,1
31,35,4,3.77,5.0,1
21,33,15,3.76,0.2,1
8,34,14,4.51,7.4,1
11,24,9,2.57,8.9,1
39,40,1,4.09,13.1,1
1,33,27,4.93,12.6,0
25,32,1,3.81,14.2,1
8,39,32,4.95,12.7,0
42,57,2,3.4,8.1,1
9,19,8,4.41,8.2,1
28,30,1,3.1,9.5,1
38,42,0,2.98,10.8,1
18,23,7,3.71,11.3,1
38,40,5,2.67,3.8,1
7,16,12,4.61,4.7,1
14,30,13,2.71,6.0,1
12,26,6,2.7,0.6,1
10,26,4,3.95,1.9,1
9,22,15,4.85,13.3,1
17,34,1,2.59,6.6,1
49,57,9,3.5,9.9,1
16,31,5,4.92,8.3,1
0,2,1,4.97,4.0,0
20,45,12,4.3,9.6,1
3,10,2,4.1,9.3,1
0,54,14,3.35,0.6,0
1,17,19,4.81,13.8,0
1,21,15,2.69,10.2,0
7,51,17,4.08,6.9,0
33,58,0,4.77,8.6,1
6,33,14,2.58,0.6,0
15,16,1,3.0,5.6,1
2,16,7,3.56,10.8,0
0,8,2,3.54,11.7,0
0,30,0,2.96,5.5,0
1,2,1,4.76,4.1,1
8,27,12,2.72,10.9,1
39,39,3,3.82,7.8,1
12,42,7,3.87,1.7,1
48,50,1,2.74,1.0,1
0,0,0,3.32,3.4,0
5,43,10,4.69,15.0,0
10,28,10,4.0,12.7,1
11,15,2,4.03,8.7,1
10,45,4,4.6,14.2,1
11,16,4,2.74,7.6,1
5,14,6,3.96,4.0,1
16,26,9,3.07,5.5,1
3,43,6,3.34,0.5,0
1,18,8,4.48,1.4,0
8,31,21,4.17,7.8,0
27,50,18,4.33,3.4,1
48,59,14,2.9,11.1,1
5,47,26,3.28,10.7,0
10,28,1,2.54,13.8,1
4,6,1,4.04,5.5,1
11,20,9,4.15,8.9,1
1,19,5,4.46,12.3,0
17,17,2,3.87,9.7,1
31,40,8,4.58,11.5,1
40,40,2,4.16,6.6,1
7,9,4,4.27,2.6,1
17,20,4,4.79,10.1,1
0,14,14,4.19,4.9,0
0,8,2,3.42,0.7,0
13,28,9,4.05,12.8,1
2,35,32,3.4,7.9,0
20,50,5,3.87,8.3,1
21,28,8,2.57,7.1,1
9,9,1,3.26,5.9,1
2,8,6,2.68,7.7,0
3,6,5,3.41,2.0,0
1,33,4,3.35,13.9,0
1,18,8,4.23,12.2,0
8,13,4,3.32,3.5,1
4,4,1,4.41,10.7,1
7,8,3,4.38,6.7,1
33,57,27,4.72,7.1,1
1,46,43,3.48,9.4,0
17,40,1,3.54,0.6,1
0,6,6,4.55,1.0,0
27,38,5,3.17,1.2,1
22,24,5,5.0,3.0,1
53,54,1,4.36,12.0,1
10,10,3,3.18,2.9,1
8,9,2,2.74,5.2,1
31,37,8,3.97,1.4,1
6,30,3,2.88,5.3,0
43,58,10,4.77,2.1,1
5,5,3,4.41,5.6,1
2,13,12,3.76,14.6,0
3,11,10,3.03,14.5,0
41,50,1,4.18,12.6,1
37,40,3,4.21,12.6,1
33,56,23,4.08,5.6,1
5,9,5,2.5,6.3,1
29,39,8,3.97,11.9,1
10,11,0,4.38,1.3,1
9,16,7,4.46,12.9,1
15,17,0,2.58,5.4,1
1,5,3,3.73,2.5,0
13,13,3,3.67,10.6,1
43,44,4,4.17,7.3,1
24,34,11,3.57,0.7,1
0,19,1,3.86,11.9,1
25,42,8,4.72,3.6,1
15,21,2,4.76,8.7,1
4,52,35,4.58,5.3,0
8,33,3,4.5,0.1,1
25,44,2,3.68,5.4,1
0,22,7,3.79,7.5,0
1,7,0,3.69,4.2,1
13,42,17,4.22,1.1,0
23,29,1,4.3,14.5,1
8,39,21,4.93,5.4,1
11,17,6,4.95,10.6,1
46,58,7,3.86,11.9,1
37,39,2,3.18,5.6,1
8,8,2,3.49,9.3,1
18,50,29,3.4,9.4,1
43,45,2,2.5,8.3,1
4,58,12,4.01,12.4,0
14,21,5,2.97,10.8,1
14,22,1,2.83,0.9,1
11,55,37,4.75,1.3,0
12,23,0,3.81,14.1,1
14,40,16,4.28,0.5,1
14,17,0,3.93,11.6,1
44,51,3,3.07,0.8,1
14,31,17,4.74,11.0,1
29,50,0,4.3,1.4,1
26,28,5,3.23,2.1,1
26,50,13,3.52,13.0,1
5,7,2,3.56,5.9,1
11,53,41,3.71,3.4,0
19,55,33,4.16,12.3,0
9,39,12,3.87,11.4,0
4,42,18,4.79,8.8,0
2,19,0,3.15,12.6,1
2,40,36,3.69,11.3,0
43,55,8,2.67,11.6,1
1,10,11,4.95,5.8,0
20,36,9,3.42,4.8,1
1,22,23,3.21,1.7,0
1,7,8,3.44,3.9,0
12,57,2,4.98,4.4,1
19,28,8,3.6,12.7,1
17,19,4,2.66,10.2,1
20,20,0,4.95,6.4,1
22,49,21,4.45,12.5,1
22,29,6,3.65,11.5,1
28,30,4,3.59,9.4,1
13,35,22,4.94,5.5,1
6,6,1,3.17,7.4,1
52,56,5,4.79,11.3,1
2,5,2,3.26,0.1,0
11,38,10,2.83,6.3,0
34,43,12,2.87,0.6,1
36,44,6,3.01,6.4,1
8,31,26,3.05,5.1,0
12,27,0,4.81,9.1,1
1,50,7,2.66,14.8,0
1,5,4,4.65,8.0,0
44,46,5,4.03,3.4,1
34,49,17,4.67,5.2,1
27,51,27,4.73,7.0,1
11,13,3,4.03,13.6,1
5,8,0,3.67,1.9,1
28,44,2,4.33,0.5,1
30,33,2,2.71,11.1,1
22,34,10,3.8,4.4,1
4,54,17,4.95,9.6,0
10,15,7,3.61,3.4,1
43,43,3,3.6,6.5,1
4,7,3,4.93,3.2,1
0,4,4,3.57,12.2,0
2,9,0,4.43,8.1,1
0,33,23,4.6,14.0,0
5,21,2,4.6,0.6,1
6,58,24,4.93,0.9,0
1,8,2,3.78,11.6,1
1,11,1,4.94,12.8,1
17,41,7,4.07,13.9,1
0,9,10,2.84,10.4,0
0,26,23,4.18,13.0,0
4,20,7,2.98,9.8,1
33,44,1,4.73,14.7,1
0,1,3,4.94,11.7,0
5,11,7,2.9,12.7,1
16,34,4,3.33,14.0,1
0,0,0,2.63,12.4,0
5,8,1,3.35,13.5,1
19,25,4,3.6,12.5,1
17,55,39,3.32,0.4,0
9,41,1,2.51,12.2,1
4,10,6,3.11,14.5,1
17,35,3,4.09,14.7,1
19,24,0,4.13,8.0,1
21,39,2,4.25,0.5,1
5,8,0,4.03,3.5,1
14,30,17,2.79,14.1,0
22,32,12,3.97,14.3,1
13,21,9,4.88,6.9,1
0,50,43,4.73,9.5,0
15,37,12,4.06,1.9,1
12,31,14,4.8,6.6,1
38,52,14,4.89,3.7,1
0,4,3,3.7,0.7,0
14,37,9,3.62,12.7,1
22,46,14,4.74,13.8,1
17,37,12,3.41,5.4,1
12,33,17,4.79,9.3,1
13,25,6,2.56,10.9,1
18,31,9,2.94,6.2,1
29,36,5,2.62,6.7,1
10,49,24,4.64,6.3,0
11,33,20,3.3,2.9,0
4,16,11,3.81,9.4,0
5,53,13,4.23,9.4,0
11,13,2,3.11,9.3,1
0,16,10,4.83,6.3,0
23,30,5,4.39,14.4,1
22,33,12,2.71,5.4,1
20,20,3,4.19,6.3,1
4,16,12,4.79,9.2,1
14,15,2,3.32,13.1,1
0,0,1,0.3,3.6,0
1,1,2,4.19,12.2,1
7,32,27,4.77,0.7,0
38,53,2,3.61,12.9,1
19,36,15,4.11,8.6,1
27,38,3,4.99,8.1,1
7,47,35,4.35,0.4,0
8,48,30,2.82,8.0,0
3,28,11,4.8,2.4,1
21,35,2,3.55,7.7,1
8,34,17,4.58,2.2,0
6,11,1,4.92,8.9,1
0,5,3,4.42,4.7,0
30,33,3,4.67,5.8,1
22,24,0,3.42,6.4,1
6,58,37,3.42,1.5,0
0,8,3,2.75,1.8,0
31,38,5,3.66,10.0,1
0,50,37,4.02,7.9,0
9,39,15,3.61,6.0,0
1,5,7,4.27,8.9,0
11,58,38,4.5,12.7,0
2,39,9,2.91,7.4,0
11,55,28,3.49,5.2,0
4,41,5,4.49,6.6,1
1,2,2,2.97,6.1,1
25,40,16,2.75,3.0,1
0,17,3,4.76,14.7,0
2,33,24,4.45,6.0,0
8,39,28,3.87,6.3,0
0,11,3,2.76,4.9,0
3,3,0,3.22,9.8,1
14,17,6,4.27,2.3,1
0,19,12,4.93,7.0,0
11,34,3,4.07,8.2,1
28,46,5,4.23,9.9,1
0,49,28,3.11,13.4,0
34,35,1,2.78,10.2,1
21,41,18,4.43,12.1,1
16,55,30,3.19,15.0,0
9,14,6,4.11,12.9,1
23,55,28,3.69,14.0,1
28,34,9,3.37,4.4,1
32,38,0,3.74,7.7,1
2,6,5,2.54,1.2,0
15,49,23,4.13,9.5,1
47,49,3,2.53,10.0,1
7,22,16,3.71,10.7,1
14,26,8,4.8,12.1,1
24,52,29,4.97,14.4,1
8,19,12,3.17,12.5,1
54,55,3,3.57,6.9,1
18,38,11,3.52,10.3,1
4,48,9,3.92,1.2,0
38,39,1,4.14,10.9,1
5,15,9,4.63,13.6,1
42,57,9,4.33,14.3,1
19,35,13,4.95,8.5,1
20,28,10,4.32,13.6,1
22,27,8,3.28,13.3,1
8,60,6,2.67,5.9,0
21,55,1,3.07,7.3,1
51,53,4,4.05,3.9,1
2,8,8,4.87,10.6,0
45,57,9,2.87,6.2,1
0,24,12,2.7,14.4,0
15,16,0,3.83,9.8,1
5,18,11,3.71,11.1,0
44,57,9,4.73,6.8,1
4,5,2,4.87,1.6,1
45,58,1,2.88,6.6,1
37,56,18,4.95,0.2,1
1,5,4,3.8,0.7,0
4,17,6,3.0,3.5,0
41,43,5,2.65,1.7,1
33,34,3,2.79,14.3,1
34,56,9,3.39,7.0,1
32,50,4,3.63,1.7,1
41,59,15,4.33,12.0,1
28,57,21,4.75,9.3,1
0,1,3,2.73,14.9,0
22,31,9,3.64,12.2,1
6,6,0,3.95,0.4,1
0,12,13,4.14,1.2,0
4,8,3,3.14,13.9,1
1,2,1,2.56,13.5,1
10,30,23,4.87,7.3,0
33,53,2,2.95,2.5,1
5,30,25,4.72,6.4,0
49,57,1,3.04,10.5,1
27,31,4,2.8,1.8,1
33,35,5,2.61,1.4,1
40,44,0,2.66,1.3,1
15,37,7,3.32,0.8,1
25,29,4,3.43,4.0,1
5,44,29,4.15,0.1,0
1,9,9,3.84,6.4,0
12,52,13,2.78,0.6,0
22,44,0,3.75,3.1,1
14,37,7,2.58,9.8,1
6,8,0,2.54,6.5,1
0,26,27,3.16,7.3,0
9,19,0,3.3,8.9,1
42,49,7,4.27,6.6,1
1,4,3,4.09,12.3,1
5,54,10,3.14,13.7,0
19,20,4,4.96,12.4,1
2,16,17,4.84,3.0,0
15,24,2,4.19,14.1,1
8,20,8,2.94,13.8,1
6,17,0,3.14,10.2,1
45,47,3,4.94,9.4,1
29,36,2,4.13,10.3,1
2,17,2,2.78,9.4,0
1,1,0,2.63,13.5,1
11,53,35,3.52,3.4,0
16,49,25,4.63,12.6,1
9,14,1,4.68,4.6,1
3,10,4,3.19,9.1,0
6,13,8,4.84,9.2,1
10,15,3,4.01,0.8,1
0,13,7,4.77,13.6,0
6,13,9,3.24,4.5,1
24,36,6,4.95,10.2,1
0,4,2,3.29,5.4,0
0,0,2,4.17,2.1,0
37,59,24,4.67,2.7,1
7,10,4,3.69,6.0,1
48,55,3,4.75,6.2,1
47,53,4,4.38,4.9,1
5,37,32,3.62,1.1,0
3,39,7,2.92,0.9,0
18,53,10,3.53,4.2,1
0,9,9,4.39,6.8,0
6,29,21,3.43,12.4,0
4,7,0,4.93,8.8,1
27,33,8,4.14,14.5,1
6,40,20,4.38,8.8,0
28,59,16,4.43,5.4,1
1,6,8,4.43,5.7,0
5,5,2,4.11,5.1,1
9,38,16,3.17,6.3,0
41,59,10,4.9,11.8,1
14,26,8,4.77,3.0,1
40,50,1,3.67,14.4,1
2,16,9,3.12,5.8,0
19,34,15,4.42,4.6,1
0,2,5,4.39,10.5,0
2,4,2,3.63,4.8,1
28,49,16,3.84,2.1,1
25,28,1,4.41,0.1,1
45,60,12,4.44,13.6,1
0,18,14,2.86,11.4,0
6,15,10,2.77,11.6,1
5,49,13,3.07,12.1,0
8,10,2,4.42,7.4,1
1,10,7,2.64,9.6,0
10,43,23,4.4,9.5,1
12,31,12,4.92,8.2,1
2,10,10,3.94,6.6,0
33,38,4,4.46,3.8,1
8,22,9,3.89,7.6,1
12,25,12,3.01,14.0,1
53,57,6,3.72,6.4,1
18,27,3,3.76,8.8,1
8,9,3,2.88,10.8,1
6,6,1,3.7,9.2,1
2,15,10,3.55,8.4,0
0,0,0,4.78,11.0,1
13,37,13,2.72,10.5,1
21,22,0,4.07,7.6,1
30,49,9,3.82,14.1,1
44,49,0,3.45,5.5,1
0,2,2,4.51,11.2,0
2,31,3,2.89,6.2,0
1,2,3,2.71,6.2,1
18,28,4,3.83,1.5,1
15,18,2,4.76,3.8,1
0,0,0,3.03,5.2,0
5,14,9,3.09,12.8,1
40,56,14,4.29,10.5,1
16,27,7,3.62,8.2,1
4,34,30,2.54,4.9,0
28,38,11,3.93,8.0,1
5,13,3,3.41,9.6,1
8,25,17,2.75,3.7,0
3,15,14,2.58,4.2,0
3,19,3,3.06,10.4,1
6,6,1,4.69,10.0,1
4,20,12,3.86,5.5,0
35,40,6,2.75,2.6,1
2,19,15,3.6,14.9,0
36,36,1,2.84,7.6,1
2,7,2,2.52,13.1,1
0,7,8,2.94,6.8,0
16,17,3,3.81,5.1,1
34,36,0,2.56,11.5,1
10,38,8,4.44,7.9,1
5,54,18,3.35,14.9,0
2,9,0,3.39,13.8,1
3,7,0,3.02,11.5,1
10,17,3,4.49,10.5,1
10,27,12,3.47,10.3,1
8,27,0,3.07,1.5,1
37,38,0,4.89,0.1,1
0,1,0,4.85,12.3,1
16,43,29,3.46,14.0,1
44,47,1,2.84,10.5,1
17,32,1,2.56,9.6,1
37,47,6,4.49,4.2,1
0,41,2,2.8,11.7,0
15,58,21,4.13,5.0,1
7,7,1,2.82,13.7,1
13,30,1,2.82,7.7,1
0,0,0,0.02,12.4,0
6,28,8,4.87,4.5,1
0,22,9,2.71,2.2,0
28,45,5,3.0,10.4,1
12,20,10,4.2,0.2,1
5,38,24,4.1,13.0,0
1,4,2,3.29,13.5,0
9,16,0,3.23,11.8,1
27,29,4,2.85,12.5,1
29,33,4,4.09,2.7,1
3,14,7,4.5,8.9,0
6,23,11,3.14,5.3,0
3,9,9,3.78,14.2,1
16,18,4,4.22,13.5,1
36,41,6,4.36,12.0,1
49,50,1,4.69,14.8,1
9,48,36,3.96,3.2,0
6,25,15,3.04,10.1,0
6,13,2,3.52,6.9,1
6,7,1,3.63,2.6,1
7,43,1,4.01,4.1,1
0,4,2,4.92,10.4,0
42,59,14,3.79,13.9,1
6,9,3,3.74,2.1,1
3,5,4,4.42,3.7,1
1,45,11,2.96,1.1,0
26,44,14,3.32,10.6,1
10,15,8,3.26,7.8,1
8,34,24,3.03,9.0,0
26,29,4,3.12,13.9,1
16,22,3,3.76,3.7,1
24,28,5,4.4,7.0,1
24,51,6,2.51,1.8,1
7,26,8,4.53,1.8,0
17,35,21,3.84,3.3,1
3,16,11,3.99,2.4,0
29,50,16,2.96,0.4,1
39,41,0,2.56,2.0,1
39,39,3,4.99,0.8,1
24,35,0,4.92,13.5,1
23,47,23,4.44,0.4,1
0,33,10,4.0,11.7,0
0,1,4,3.1,2.9,0
37,59,0,3.0,14.2,1
26,34,4,4.04,6.3,1
21,23,0,3.28,2.8,1
2,6,3,4.89,12.0,1
1,2,2,4.14,6.1,1
4,17,2,4.19,6.2,1
42,55,9,3.12,1.3,1
11,33,11,4.78,0.4,0
7,60,0,2.71,1.2,1
6,27,9,4.16,11.1,1
12,36,11,4.86,5.6,1
46,52,2,2.82,14.0,1
29,51,12,4.4,12.7,1
9,44,18,2.87,2.8,0
37,59,1,3.59,6.7,1
6,15,9,4.74,3.8,0
0,23,18,3.85,2.0,0
13,48,35,4.92,2.4,1
22,23,4,3.82,9.6,1
9,15,1,4.35,4.3,1
1,57,43,2.51,12.3,0
9,31,12,4.34,1.3,1
3,9,9,4.11,6.7,0
1,1,2,4.59,1.7,1
10,23,16,2.78,9.4,0
21,27,9,2.56,0.7,1
21,30,9,2.83,9.8,1
16,36,23,4.18,14.0,1
1,6,4,4.99,13.8,0
19,29,4,4.31,13.4,1
0,4,5,3.23,12.7,0
0,32,19,2.62,14.5,0
8,15,0,2.94,4.0,1
4,9,3,4.15,2.4,1
19,38,3,3.58,6.7,1
27,36,4,2.75,4.0,1
6,22,11,4.86,2.7,0
3,6,2,3.97,14.1,1
8,49,25,3.45,12.3,0
31,32,1,2.53,2.5,1
8,32,14,3.03,10.4,0
13,47,37,3.14,2.7,0
1,14,4,3.07,8.9,0
9,11,2,3.06,11.5,1
0,20,0,4.7,6.8,0
1,2,3,3.69,5.4,0
1,14,4,2.56,1.7,0
41,57,19,4.19,14.0,1
36,46,5,3.22,11.6,1
4,7,2,4.88,1.4,1
6,39,16,4.27,6.3,0
8,42,5,3.86,12.5,1
2,29,26,4.96,13.4,0
3,29,3,4.72,12.0,1
21,26,8,4.96,3.2,1
9,58,38,3.2,5.2,0
10,12,1,4.52,9.2,1
16,36,18,3.67,15.0,1
3,6,2,3.48,11.8,1
1,7,4,3.38,3.2,0
38,54,12,2.64,7.9,1
22,32,1,4.57,9.1,1
2,6,5,3.57,11.6,0
7,33,29,3.36,4.4,0
47,50,2,4.54,12.6,1
32,34,2,3.41,14.3,1
2,20,17,4.94,4.0,0
7,16,1,4.12,6.6,1
9,47,3,2.72,12.5,1
0,5,8,3.97,8.9,0
9,14,8,3.66,14.5,1
0,0,3,3.25,14.6,0
49,52,2,3.12,8.7,1
18,32,3,3.13,11.7,1
36,39,3,4.13,14.8,1
21,21,1,3.01,13.6,1
51,58,3,2.9,11.7,1
22,56,3,4.96,14.7,1
24,58,0,4.25,2.3,1
4,58,45,4.71,14.2,0
7,40,5,3.21,6.8,1
10,27,12,4.1,7.9,1
3,12,9,4.55,2.2,0
13,39,23,2.77,4.6,0
10,30,14,3.13,1.5,0
35,39,6,4.78,6.5,1
1,1,1,4.48,6.5,1
41,41,3,2.71,12.2,1
31,59,11,2.82,12.4,1
1,6,6,2.81,3.6,0
26,31,5,2.59,2.3,1
49,60,1,2.62,9.6,1
3,3,1,3.39,8.7,1
25,32,6,2.93,5.8,1
11,49,41,4.53,2.2,0
0,45,18,4.87,4.8,0
0,4,3,3.69,11.2,0
22,41,15,2.55,0.3,1
7,9,5,4.24,4.4,1
1,2,2,3.89,1.0,1
6,8,4,3.83,8.7,1
9,13,1,3.3,14.7,1
11,21,9,4.43,13.2,1
17,30,1,3.44,1.8,1
24,29,7,3.64,5.3,1
3,40,6,4.1,10.3,0
23,33,12,3.99,14.9,1
4,7,2,4.6,10.8,1
6,16,11,4.84,3.9,0
32,51,16,2.6,12.0,1
14,14,0,3.14,11.8,1
9,28,16,2.94,13.8,0
27,36,0,4.53,9.1,1
2,46,9,3.72,9.3,0
2,6,5,4.66,6.7,0
3,36,11,3.99,0.7,0
2,44,27,4.22,2.2,0
19,19,1,4.24,0.1,1
4,17,16,3.77,4.1,0
43,48,6,3.6,3.2,1
46,50,7,2.55,4.9,1
4,5,3,3.81,7.5,1
17,49,17,4.94,4.7,1
32,33,0,3.82,1.2,1
17,33,8,2.9,8.5,1
42,51,9,4.82,13.2,1
7,7,3,2.51,4.5,1
7,53,35,3.37,12.7,0
5,6,1,3.87,13.7,1
0,12,12,2.9,8.6,0
25,52,27,4.38,2.9,1
36,60,25,3.24,13.0,1
4,9,7,2.95,11.7,0
2,14,7,3.51,10.8,0
1,6,6,3.15,6.6,0
42,46,0,3.51,9.9,1
59,59,2,2.59,6.3,1
16,23,10,4.03,4.7,1
12,28,11,3.56,0.0,1
3,37,9,2.68,2.6,0
0,12,4,3.4,9.9,0
32,33,2,3.82,14.6,1
20,27,5,2.86,0.0,1
12,58,36,4.61,0.3,0
10,15,8,4.63,11.7,1
13,22,11,3.45,10.2,1
4,7,5,3.24,12.9,1
16,57,9,4.78,8.4,1
2,6,5,4.19,3.7,0
17,21,0,3.23,2.9,1
19,21,5,2.5,10.1,1
27,27,0,4.41,13.7,1
28,28,0,3.49,5.4,1
2,7,2,4.25,10.7,1
8,25,3,3.67,6.6,1
13,25,0,4.12,1.8,1
29,29,0,3.38,1.1,1
0,2,0,3.16,2.3,0
9,25,17,3.8,1.8,1
14,19,5,3.94,13.2,1
3,6,1,4.82,8.3,1
0,1,3,4.65,10.5,0
10,26,19,4.9,15.0,1
5,22,8,3.9,12.2,1
51,55,7,3.08,13.2,1
8,42,22,4.65,0.7,0
7,20,14,3.69,5.3,0
0,43,28,3.75,0.9,0
16,26,2,4.84,0.2,1
37,57,11,4.97,12.2,1
29,30,2,4.61,3.2,1
0,2,1,2.81,3.8,0
1,15,8,2.71,8.5,0
4,58,46,2.74,1.9,0
2,10,4,2.75,12.8,0
42,53,12,3.9,10.1,1
38,45,10,4.91,6.1,1
36,56,7,4.65,3.3,1
24,27,4,4.03,6.9,1
1,28,26,4.8,4.8,0
2,2,2,3.33,3.4,1
12,12,2,3.64,11.1,1
1,8,7,2.95,3.2,0
15,28,6,3.84,11.7,1
4,4,2,3.05,8.9,1
13,21,2,4.28,10.8,1
23,38,16,2.89,14.0,1
0,3,5,4.45,14.2,0
23,49,27,3.28,7.5,0
5,25,10,4.89,0.7,0
1,8,10,2.6,12.3,0
17,51,17,2.98,10.9,1
0,11,10,4.27,8.3,0
2,35,27,3.37,0.3,0
14,56,31,4.54,6.1,1
21,55,16,3.91,6.1,1
4,20,13,2.92,12.5,0
9,34,4,3.47,12.8,1
16,57,44,4.79,9.6,0
2,4,4,4.56,0.3,0
30,42,12,4.03,11.6,1
2,28,18,4.17,3.3,0
3,44,28,3.86,12.1,0
6,24,11,3.92,4.0,1
14,14,1,4.23,13.2,1
1,15,6,4.91,4.2,0
5,33,11,4.26,5.9,0
8,12,1,3.67,7.3,1
2,14,1,2.67,11.0,1
9,11,5,3.42,7.3,1
12,24,12,4.23,11.6,1
0,0,1,0.47,10.0,0
2,57,32,3.18,8.7,0
9,31,6,4.03,4.5,1
1,11,1,4.91,12.9,1
4,21,19,3.06,1.6,0
12,13,2,3.11,13.4,1
45,50,1,4.03,5.2,1
0,2,3,4.84,4.5,0
8,9,1,4.06,13.9,1
16,27,0,4.73,2.5,1
37,38,0,2.73,7.7,1
20,22,2,4.98,2.1,1
11,35,21,4.03,9.2,1
5,22,9,4.94,1.8,1
24,60,33,4.45,4.2,1
6,30,26,4.25,11.9,0
1,39,20,3.7,13.0,0
